ex,pH,LOI,N,P,K,Oil,Clay,1,2,3,4,5,6,7,8,9,10,11,12,13,14,15,16,17,18,19,20,21,22,23,24,25,26,27,28,29,30,31,32,33,34,35,36,37,38,39,40,41,42,43,44,45
511,5.21,35.44,27.3,34.2,247.2,4489,0,85,64,72,59,50,47,56,38,41,53,42,11,0,0,0,99,77,61,105,69,93,71,90,81,54,100,39,10,23,0,84,51,105,92,84,101,63,59,67,31,48,12,8,0,0
512,5.21,35.44,27.3,34.2,247.2,4058,0,56,41,55,83,72,50,9,15,40,43,7,30,21,36,41,49,74,69,51,42,53,65,73,53,78,55,59,45,31,22,109,111,97,100,88,79,85,69,73,95,66,51,60,19,38
513,5.21,35.44,27.3,34.2,247.2,3717,0,29,72,64,51,87,91,82,74,8,47,45,81,20,0,0,103,137,82,99,101,123,100,95,104,73,103,80,43,33,0,97,105,74,59,60,100,93,54,40,49,107,69,73,0,0
521,5.21,35.44,27.3,34.2,247.2,7609,0,78,62,58,82,60,94,65,107,93,72,111,77,123,88,0,57,90,115,116,110,102,127,48,100,73,128,74,116,56,0,104,92,87,106,98,82,103,107,72,140,58,105,101,125,0
522,5.21,35.44,27.3,34.2,247.2,7756,0,82,48,60,71,51,70,74,67,95,27,66,7,0,0,0,95,84,76,58,71,94,101,35,21,39,66,68,84,9,10,43,108,90,88,111,71,110,125,94,98,65,47,50,51,0
523,5.21,35.44,27.3,34.2,247.2,7213,0,100,72,80,94,91,65,72,35,115,50,7,65,60,19,0,78,114,70,118,110,110,88,75,154,66,73,52,112,44,0,3,90,81,92,90,94,127,115,67,102,80,130,77,87,0
531,5.21,35.44,27.3,34.2,247.2,12990,0,149,135,108,116,92,85,114,110,131,80,135,39,0,0,0,113,71,124,60,72,38,47,84,49,27,40,31,30,17,0,120,124,85,93,71,80,75,105,91,38,41,26,19,23,0
532,5.21,35.44,27.3,34.2,247.2,11536,0,41,70,12,93,60,11,26,10,30,11,7,22,19,23,27,62,33,78,50,56,62,60,21,23,45,25,6,0,0,0,70,75,71,63,40,34,61,55,19,34,16,11,13,0,0
533,5.21,35.44,27.3,34.2,247.2,13144,0,52,31,35,49,58,29,31,50,52,24,17,41,20,0,0,20,44,133,39,20,29,45,51,12,44,57,28,9,0,0,68,84,73,61,59,68,54,43,31,38,42,11,22,9,10
541,5.21,35.44,27.3,34.2,247.2,16283,0,125,138,150,146,148,135,83,96,48,49,2,13,0,0,0,117,95,153,84,151,142,84,123,85,84,73,81,72,81,0,102,92,145,140,156,38,94,7,6,0,0,0,0,0,0
542,5.21,35.44,27.3,34.2,247.2,17559,0,97,74,53,33,44,97,98,72,113,83,78,60,69,21,3,77,102,141,95,97,57,35,97,88,91,87,92,9,0,0,87,15,12,84,110,108,93,105,70,62,24,0,0,0,0
543,5.21,35.44,27.3,34.2,247.2,16988,0,37,93,34,73,19,53,22,93,79,15,30,12,6,0,0,93,144,115,107,104,11,110,116,88,73,68,37,38,0,0,32,117,81,120,54,108,99,104,98,95,68,47,21,23,0
551,5.21,35.44,27.3,34.2,247.2,21212,0,88,64,93,52,62,63,98,77,58,73,82,70,14,82,0,94,107,80,60,62,52,84,47,70,77,38,0,0,0,0,108,83,80,80,92,78,79,87,87,33,36,61,77,3,0
552,5.21,35.44,27.3,34.2,247.2,23221,0,143,128,97,147,132,120,107,73,74,138,147,0,0,0,0,83,143,60,109,119,140,87,73,93,77,111,47,42,0,0,170,81,116,0,0,0,0,0,0,0,0,0,0,0,0
553,5.21,35.44,27.3,34.2,247.2,23925,0,114,84,125,48,81,98,85,96,103,43,70,0,0,0,0,97,95,110,83,87,70,94,92,68,33,0,8,0,0,0,100,35,94,98,110,78,77,74,112,123,93,77,28,0,0
561,5.21,35.44,27.3,34.2,247.2,28575,0,137,86,95,41,44,50,64,39,44,27,66,51,31,40,0,64,70,88,52,50,34,92,31,54,76,40,21,0,0,0,93,86,88,94,63,42,14,38,49,31,68,32,19,0,0
562,5.21,35.44,27.3,34.2,247.2,27925,0,84,62,32,74,45,41,59,11,24,34,40,5,0,0,0,84,62,32,74,45,41,59,11,24,34,40,5,0,0,0,93,86,88,94,63,42,14,38,49,31,68,32,19,0,0
563,5.21,35.44,27.3,34.2,247.2,25206,0,48,56,50,31,29,40,21,31,41,22,14,22,11,9,9,79,24,42,20,42,6,6,23,17,32,21,44,30,41,0,121,109,37,41,80,63,59,79,52,41,31,40,51,29,0
411,4.3,81.95,72.3,79,225.4,3079,0,74,73,80,107,65,90,53,8,45,79,44,20,31,4,7,109,84,78,105,13,98,73,87,86,64,92,62,79,86,91,27,73,65,74,63,83,84,70,78,90,46,74,63,15,7
412,4.3,81.95,72.3,79,225.4,3202,0,65,63,75,33,57,41,75,71,46,35,76,34,0,0,0,80,71,71,54,60,63,75,87,78,67,62,55,9,0,0,86,53,80,71,85,81,81,52,70,8,0,0,0,0,0
413,4.3,81.95,72.3,79,225.4,3138,0,59,92,37,20,20,27,37,18,9,0,0,0,0,0,0,47,85,61,68,32,12,50,42,30,22,8,0,0,0,0,90,100,103,34,96,47,57,85,23,10,8,11,0,0,0
421,4.3,81.95,72.3,79,225.4,9878,0,96,76,81,66,43,72,51,50,71,40,81,45,80,57,0,69,60,64,59,75,29,62,90,22,50,88,63,41,13,0,62,86,85,65,65,79,80,55,55,54,50,43,46,21,22
422,4.3,81.95,72.3,79,225.4,9808,0,82,70,70,96,52,25,80,60,87,61,65,56,85,45,58,111,61,90,78,85,65,61,56,64,76,42,54,65,60,63,71,102,4,90,79,80,74,85,69,55,75,55,49,0,0
423,4.3,81.95,72.3,79,225.4,9760,0,50,66,47,57,83,30,64,55,58,67,49,29,50,60,0,101,95,115,65,95,92,70,30,83,100,54,42,40,0,0,76,82,93,100,64,78,93,65,91,54,25,93,78,81,83
431,4.3,81.95,72.3,79,225.4,19008,0,75,61,65,29,3,24,34,32,31,41,62,81,60,0,0,80,66,51,73,42,61,91,68,60,69,88,77,94,23,0,74,63,93,65,71,64,68,52,65,12,67,21,14,0,0
432,4.3,81.95,72.3,79,225.4,18547,0,57,33,75,48,25,65,17,57,44,60,18,0,0,0,0,65,50,26,77,71,51,16,75,56,63,61,72,27,0,0,58,49,63,40,76,61,47,56,50,56,22,17,0,0,0
433,4.3,81.95,72.3,79,225.4,19547,0,58,94,103,5,10,25,40,0,0,0,0,0,0,0,0,62,92,82,57,64,71,86,55,38,8,2,0,0,0,0,81,82,65,53,51,45,24,22,4,2,0,0,0,0,0
441,4.3,81.95,72.3,79,225.4,40212,0,101,103,77,47,42,6,19,34,25,19,11,36,29,9,0,36,106,36,25,29,9,35,39,16,11,15,7,11,2,0,130,29,61,92,55,21,42,13,26,25,17,16,45,4,0
442,4.3,81.95,72.3,79,225.4,41161,0,72,72,80,72,66,62,76,60,104,70,31,5,2,0,0,75,39,80,90,85,76,92,55,57,47,30,0,0,0,0,90,112,100,102,97,139,115,116,38,61,64,65,36,0,0
443,4.3,81.95,72.3,79,225.4,39587,0,85,96,91,69,94,90,44,50,8,11,16,0,0,0,0,75,62,65,77,32,7,17,64,49,67,50,22,0,0,0,3,95,86,72,92,102,70,103,91,35,0,0,0,0,0
451,4.3,81.95,72.3,79,225.4,53460,0,77,93,96,75,86,72,52,52,89,90,75,35,75,60,50,70,61,66,83,91,38,76,70,50,60,22,52,22,25,31,52,75,87,70,75,84,82,47,55,76,42,30,66,0,0
452,4.3,81.95,72.3,79,225.4,54900,0,63,50,71,62,73,72,59,52,51,60,59,58,68,18,0,60,65,49,53,43,53,1,22,40,65,63,73,32,37,0,58,80,70,66,46,30,84,72,45,51,34,76,62,56,0
453,4.3,81.95,72.3,79,225.4,54947,0,78,48,20,10,0,0,0,0,0,0,0,0,0,0,0,67,0,0,0,0,0,0,0,0,0,0,0,0,0,0,87,51,30,20,22,12,7,0,0,0,0,0,0,0,0
461,4.3,81.95,72.3,79,225.4,63113,0,63,45,47,63,62,51,33,42,52,47,4,0,0,0,0,65,84,67,51,52,57,61,27,26,4,0,0,0,0,0,69,76,61,66,72,5,67,26,6,3,0,0,0,0,0
462,4.3,81.95,72.3,79,225.4,64532,0,40,56,58,59,69,65,62,51,23,65,42,47,10,0,0,51,72,57,47,85,58,20,7,30,33,27,15,14,7,0,68,87,60,53,66,60,63,59,37,75,45,6,0,0,0
463,4.3,81.95,72.3,79,225.4,64854,0,17,57,45,60,38,70,14,0,0,0,0,0,0,0,0,36,60,35,73,40,30,48,7,15,10,10,4,0,0,0,21,50,36,52,52,61,60,47,26,0,5,0,0,0,0
711,5.65,3.6,15.3,10,26.4,890,10.9,58,58,82,57,73,51,62,71,43,82,97,54,59,44,32,51,76,23,53,82,62,72,68,90,79,87,67,67,55,0,60,69,70,73,56,71,51,50,73,62,67,55,68,50,0
712,5.65,3.6,15.3,10,26.4,542,10.9,26,29,44,30,35,28,27,34,7,33,30,20,28,12,3,62,30,48,12,55,13,37,15,45,4,20,2,4,0,0,45,67,38,54,42,48,14,35,36,25,32,10,32,0,0
713,5.65,3.6,15.3,10,26.4,707,10.9,66,64,74,100,56,37,53,70,84,73,106,64,67,60,60,67,74,93,78,75,76,64,71,72,68,66,69,0,0,0,58,52,43,85,44,80,72,78,43,68,40,62,52,0,0
721,5.65,3.6,15.3,10,26.4,5975,10.9,72,68,86,59,59,66,74,62,57,61,30,25,19,21,7,89,110,102,100,74,80,62,52,44,27,18,24,25,19,0,134,122,103,96,99,107,60,61,49,50,19,24,35,19,0
722,5.65,3.6,15.3,10,26.4,5392,10.9,121,103,86,89,119,70,98,21,19,19,13,11,22,4,0,79,70,52,40,37,11,17,8,10,19,11,11,17,12,0,127,120,94,90,92,89,64,52,40,31,14,11,20,17,10
723,5.65,3.6,15.3,10,26.4,5785,10.9,105,101,87,84,50,42,17,24,13,11,10,12,8,3,0,41,38,85,77,89,73,58,24,28,19,21,30,10,12,8,11,0,39,30,104,84,57,66,84,80,67,52,61,19,15
731,5.65,3.6,15.3,10,26.4,9536,10.9,77,109,81,34,79,135,162,122,117,116,85,122,85,0,0,103,82,104,106,81,130,121,118,120,86,113,106,117,92,105,109,51,55,92,102,109,140,137,125,73,108,117,84,126,69
732,5.65,3.6,15.3,10,26.4,10235,10.9,34,52,51,93,102,71,82,91,75,81,74,84,101,0,0,105,46,112,73,72,85,40,83,90,35,31,67,81,0,0,91,71,73,71,107,88,133,76,50,70,93,73,94,61,63
733,5.65,3.6,15.3,10,26.4,9040,10.9,94,63,102,119,76,82,20,94,36,92,93,50,1,22,0,90,80,59,44,24,92,40,51,5,59,67,42,35,0,0,124,48,58,92,85,99,55,108,37,93,78,40,67,18,0
741,5.65,3.6,15.3,10,26.4,28631,10.9,150,42,138,109,112,133,115,107,97,72,15,68,98,80,55,133,85,90,89,132,92,146,93,95,90,115,80,0,0,0,107,72,132,105,106,70,96,91,125,33,55,93,79,10,0
742,5.65,3.6,15.3,10,26.4,31697,10.9,93,142,163,176,86,152,100,112,168,135,109,123,106,94,0,152,80,110,150,147,138,80,94,121,52,122,85,48,83,90,103,85,110,90,9,116,93,60,83,61,93,6,52,0,0
743,5.65,3.6,15.3,10,26.4,30206,10.9,146,153,134,115,100,87,128,146,106,76,95,130,0,0,0,147,126,151,110,142,116,154,129,127,79,92,126,145,0,0,123,175,142,133,140,90,135,120,141,140,90,153,116,90,100
751,5.65,3.6,15.3,10,26.4,41663,10.9,11,87,74,83,95,104,95,70,95,85,97,106,87,98,90,98,91,118,108,117,90,105,83,90,62,99,97,98,111,23,93,72,13,107,60,113,112,122,92,107,128,115,110,88,90
752,5.65,3.6,15.3,10,26.4,40064,10.9,78,120,164,103,132,130,145,145,104,122,131,100,112,120,132,153,130,114,195,102,128,130,140,141,141,147,125,97,105,50,125,74,95,117,107,98,38,109,87,120,80,80,87,83,115
753,5.65,3.6,15.3,10,26.4,41081,10.9,50,60,151,108,88,47,107,104,122,77,102,122,15,125,123,133,140,160,110,12,141,130,38,147,117,78,105,110,155,167,124,93,100,144,110,120,108,140,123,97,103,110,145,48,123
761,5.65,3.6,15.3,10,26.4,51057,10.9,126,117,120,84,62,77,70,61,39,31,31,20,6,0,0,72,61,79,67,62,31,30,11,36,18,17,17,13,16,0,89,65,58,69,51,49,49,17,24,22,11,11,3,0,0
762,5.65,3.6,15.3,10,26.4,51370,10.9,119,106,117,94,65,69,39,61,50,34,31,22,77,0,0,96,104,100,92,80,82,63,31,35,11,7,0,0,0,0,72,62,70,89,71,32,37,19,38,14,6,19,14,12,7
763,5.65,3.6,15.3,10,26.4,50222,10.9,74,80,53,61,34,21,17,26,14,11,19,22,11,8,0,87,16,83,61,52,50,31,22,14,29,12,14,14,19,2,91,90,65,69,84,53,58,33,42,19,4,10,11,5,0
1611,5.1,81.09,63.6,113.1,543,2208,0,98,78,127,112,109,125,138,112,101,108,105,92,43,83,87,125,98,118,138,115,114,141,127,97,98,86,144,108,136,0,106,151,142,128,114,109,122,154,140,156,110,143,95,114,89
1612,5.1,81.09,63.6,113.1,543,1686,0,94,103,127,120,111,119,102,84,45,79,31,24,11,0,0,131,140,109,113,90,124,135,109,134,144,107,120,92,100,49,104,100,84,114,39,127,145,79,117,90,34,114,24,8,0
1613,5.1,81.09,63.6,113.1,543,1417,0,152,85,118,158,133,142,123,123,58,111,123,142,124,0,0,164,104,132,138,117,118,152,117,109,122,97,131,74,91,0,79,138,113,130,103,104,127,109,146,100,92,123,97,83,0
1621,5.1,81.09,63.6,113.1,543,9145,0,80,85,58,115,158,111,76,90,140,20,120,140,145,156,125,130,98,127,87,111,120,110,82,90,68,65,80,70,77,0,67,115,120,100,162,85,118,103,110,95,90,78,130,157,50
1622,5.1,81.09,63.6,113.1,543,9703,0,153,168,100,130,97,176,124,105,159,133,152,111,123,45,69,122,149,131,105,97,99,95,124,148,135,151,64,90,0,0,141,150,96,125,100,81,133,114,137,84,103,97,0,0,0
1623,5.1,81.09,63.6,113.1,543,9862,0,93,108,143,132,153,116,173,122,162,108,118,116,114,79,97,148,157,142,137,167,107,132,118,139,133,150,98,120,101,0,126,118,138,153,128,130,103,110,113,143,115,144,98,88,0
1631,5.1,81.09,63.6,113.1,543,20924,0,120,110,95,123,131,40,111,130,118,115,115,165,97,0,0,173,165,148,140,138,123,135,157,110,143,122,110,77,0,0,100,160,161,133,131,140,142,167,178,112,35,165,60,95,0
1632,5.1,81.09,63.6,113.1,543,20104,0,98,124,134,69,92,130,138,121,0,127,135,111,122,84,94,79,97,108,104,118,128,145,150,138,140,83,17,0,0,0,125,93,138,111,102,132,124,115,93,98,148,131,98,84,0
1633,5.1,81.09,63.6,113.1,543,19857,0,141,163,155,149,109,87,116,73,98,105,114,63,94,86,0,109,97,93,137,124,90,108,127,79,80,129,111,114,89,37,131,119,103,90,122,182,101,109,70,74,95,61,0,0,0
1641,5.1,81.09,63.6,113.1,543,30251,0,161,97,103,112,84,90,81,117,92,136,95,84,120,108,53,102,26,119,111,136,130,96,100,87,142,123,105,113,90,104,113,126,114,125,117,133,86,104,16,108,100,121,101,0,0
1642,5.1,81.09,63.6,113.1,543,28871,0,98,126,84,137,121,127,109,129,101,132,110,81,94,95,0,147,64,131,122,93,85,89,74,60,74,88,52,88,79,31,116,94,100,84,92,89,82,64,71,60,69,72,79,66,0
1643,5.1,81.09,63.6,113.1,543,29515,0,90,64,128,123,111,98,102,108,95,98,80,18,20,110,0,110,163,141,158,91,134,124,138,118,70,143,128,124,110,83,163,175,138,125,143,158,128,135,126,110,139,58,80,0,0
1651,5.1,81.09,63.6,113.1,543,39000,0,165,133,98,120,145,121,71,102,119,111,158,107,77,0,0,130,124,151,109,124,92,78,109,95,110,114,93,51,70,0,115,150,124,165,139,100,94,122,131,145,114,120,101,139,13
1652,5.1,81.09,63.6,113.1,543,41734,0,135,123,89,61,97,103,89,120,100,107,48,97,53,75,38,102,83,129,107,112,74,85,109,37,94,122,79,88,91,0,99,103,86,113,105,109,90,78,96,81,73,70,62,53,41
1653,5.1,81.09,63.6,113.1,543,40773,0,101,111,144,131,106,108,133,124,119,137,100,36,54,0,0,97,129,131,102,119,109,84,126,117,74,124,91,103,113,93,84,137,144,32,108,100,107,101,112,89,96,88,120,89,0
1661,5.1,81.09,63.6,113.1,543,50758,0,98,86,92,63,48,83,71,117,88,100,53,46,70,50,47,100,68,113,87,67,102,0,0,82,97,95,53,81,58,34,108,113,147,98,102,96,84,44,48,63,96,31,78,124,104
1662,5.1,81.09,63.6,113.1,543,49378,0,147,141,99,70,82,105,88,68,110,80,94,100,68,78,11,118,80,109,93,102,104,97,94,113,119,116,67,102,74,8,113,116,104,93,116,123,94,91,134,96,95,142,102,89,74
1663,5.1,81.09,63.6,113.1,543,48931,0,136,160,129,154,110,114,98,132,177,115,128,112,136,108,127,84,137,142,150,109,87,52,120,84,123,88,91,70,78,11,64,104,112,97,142,120,68,121,83,74,102,101,58,65,0
1711,4.89,87.71,67.3,94.7,383.8,1158,0,129,79,118,100,89,88,88,73,65,64,68,58,83,4,0,80,89,52,78,60,53,91,84,64,81,66,73,61,73,24,86,68,110,88,81,97,61,94,103,95,43,72,98,107,71
1712,4.89,87.71,67.3,94.7,383.8,872,0,64,63,62,74,114,84,98,86,90,50,90,100,78,55,110,73,77,21,87,98,88,80,74,71,73,51,74,8,13,0,71,93,83,95,68,103,115,63,91,120,120,80,70,0,0
1713,4.89,87.71,67.3,94.7,383.8,1161,0,100,108,65,84,85,57,113,95,68,102,77,54,102,53,5,110,81,108,90,109,91,110,77,75,68,87,102,71,0,0,83,59,45,88,76,96,29,135,103,71,99,87,98,66,6
1721,4.89,87.71,67.3,94.7,383.8,12482,0,121,94,113,46,115,80,99,77,86,66,93,78,25,76,58,45,59,75,82,68,82,87,101,85,92,79,66,105,86,62,46,82,73,75,1,83,9,92,86,89,96,81,74,53,89
1722,4.89,87.71,67.3,94.7,383.8,10395,0,81,135,81,117,105,81,112,95,82,91,118,119,70,119,0,81,92,79,49,78,105,109,122,81,114,86,100,120,0,0,88,71,111,82,71,95,102,103,116,111,105,103,85,41,0
1723,4.89,87.71,67.3,94.7,383.8,10024,0,91,95,63,93,86,86,101,91,116,124,95,119,98,78,104,88,131,69,92,83,119,94,95,117,73,89,90,82,54,0,88,57,96,105,115,117,96,103,93,80,73,107,80,91,0
1731,4.89,87.71,67.3,94.7,383.8,18974,0,102,93,49,90,51,90,91,116,93,60,47,88,25,0,0,100,101,92,109,70,127,92,80,109,85,120,101,85,87,0,100,90,102,110,105,96,62,66,65,83,71,119,66,0,0
1732,4.89,87.71,67.3,94.7,383.8,20908,0,120,110,88,78,89,82,80,57,95,92,96,16,24,0,0,95,82,117,98,120,95,83,84,51,81,47,77,71,80,64,82,83,116,96,75,62,92,74,85,100,90,80,0,0,0
1733,4.89,87.71,67.3,94.7,383.8,20091,0,70,90,62,83,88,88,58,77,71,41,12,34,0,0,0,93,73,50,61,82,70,63,69,62,60,82,62,35,5,0,80,113,84,81,86,90,78,88,78,25,71,73,62,71,0
1741,4.89,87.71,67.3,94.7,383.8,31321,0,94,85,63,86,97,87,88,43,77,73,93,87,27,74,0,89,80,121,113,40,97,78,76,101,90,58,55,12,53,73,73,97,88,63,91,56,75,60,66,60,24,57,77,80,0
1742,4.89,87.71,67.3,94.7,383.8,30767,0,82,107,111,59,84,83,82,68,56,90,68,78,0,0,0,110,93,100,97,90,87,104,97,88,95,102,97,88,95,0,97,100,82,97,66,97,78,84,51,71,34,32,40,12,19
1743,4.89,87.71,67.3,94.7,383.8,28534,0,106,90,100,77,51,65,62,64,67,80,33,78,60,44,0,91,67,75,65,89,86,75,61,76,72,61,49,0,0,0,95,104,87,84,92,95,94,82,75,80,86,64,47,22,0
1911,5.5,67.04,290.1,516.3,616.3,548,22.97,37,70,83,47,115,32,26,48,33,57,22,26,41,43,0,18,63,50,18,82,34,30,43,37,29,47,18,40,48,51,63,103,54,33,44,35,45,43,61,24,20,44,15,0,0
1912,5.5,67.04,290.1,516.3,616.3,642,22.97,60,50,68,37,13,9,7,33,25,92,49,37,43,31,0,55,42,36,12,48,57,53,40,42,68,28,7,30,27,23,62,50,41,42,30,63,38,48,42,59,51,60,37,45,0
1913,5.5,67.04,290.1,516.3,616.3,692,22.97,43,110,94,73,91,63,34,16,27,29,47,16,11,8,0,50,70,20,45,21,38,50,42,40,30,43,40,29,13,60,69,34,93,60,48,35,10,51,63,25,29,34,41,8,0
1921,5.5,67.04,290.1,516.3,616.3,4948,22.97,71,74,116,73,83,90,68,19,95,47,53,40,105,70,77,60,72,103,73,95,58,93,102,21,99,104,87,75,115,87,70,95,0,0,0,0,0,0,0,0,0,0,0,0,0
1922,5.5,67.04,290.1,516.3,616.3,3871,22.97,70,124,90,74,97,80,38,58,61,61,80,48,103,97,51,115,83,38,38,38,83,98,41,97,72,88,84,103,58,41,60,39,67,0,0,0,0,0,0,0,0,0,0,0,0
1923,5.5,67.04,290.1,516.3,616.3,4363,22.97,92,102,95,97,90,73,103,37,55,34,37,65,38,37,62,71,73,35,82,84,7,48,72,89,44,109,61,121,25,134,28,48,57,60,0,0,0,0,0,0,0,0,0,0,0
1931,5.5,67.04,290.1,516.3,616.3,8169,22.97,58,88,83,41,37,10,53,69,21,59,43,45,47,49,61,50,24,84,42,49,67,59,23,70,62,0,0,0,0,0,0,0,0,0,0,0,0,0,0,0,0,0,0,0,0
1932,5.5,67.04,290.1,516.3,616.3,8282,22.97,81,78,58,40,83,53,23,48,53,95,22,63,40,42,39,50,24,89,80,44,84,25,66,39,0,0,0,0,0,0,0,0,0,0,0,0,0,0,0,0,0,0,0,0,0
1933,5.5,67.04,290.1,516.3,616.3,8104,22.97,49,36,60,41,22,49,69,81,59,23,71,30,41,38,54,37,24,49,53,91,83,33,70,62,23,40,0,0,0,0,0,0,0,0,0,0,0,0,0,0,0,0,0,0,0
1941,5.5,67.04,290.1,516.3,616.3,12444,22.97,15,34,25,21,26,8,19,21,4,8,32,11,17,23,7,19,35,21,6,8,19,14,9,0,0,0,0,0,0,0,0,0,0,0,0,0,0,0,0,0,0,0,0,0,0
1942,5.5,67.04,290.1,516.3,616.3,12942,22.97,23,16,13,15,9,27,7,18,9,10,15,18,31,8,11,8,18,26,29,12,8,14,18,0,0,0,0,0,0,0,0,0,0,0,0,0,0,0,0,0,0,0,0,0,0
1943,5.5,67.04,290.1,516.3,616.3,11162,22.97,13,8,34,16,14,8,12,10,27,32,25,26,13,7,19,13,27,14,13,7,12,17,0,0,0,0,0,0,0,0,0,0,0,0,0,0,0,0,0,0,0,0,0,0,0
1951,5.5,67.04,290.1,516.3,616.3,17954,22.97,9,21,13,2,4,7,13,18,5,8,5,13,2,19,12,7,4,6,0,0,0,0,0,0,0,0,0,0,0,0,0,0,0,0,0,0,0,0,0,0,0,0,0,0,0
1952,5.5,67.04,290.1,516.3,616.3,17378,22.97,11,6,14,8,16,5,7,20,6,14,8,0,0,0,0,0,0,0,0,0,0,0,0,0,0,0,0,0,0,0,0,0,0,0,0,0,0,0,0,0,0,0,0,0,0
1953,5.5,67.04,290.1,516.3,616.3,18258,22.97,5,14,11,12,3,1,3,15,12,9,3,7,5,17,4,0,0,0,0,0,0,0,0,0,0,0,0,0,0,0,0,0,0,0,0,0,0,0,0,0,0,0,0,0,0
1961,5.5,67.04,290.1,516.3,616.3,27908,22.97,3,5,3,2,1,4,0,0,0,0,0,0,0,0,0,0,0,0,0,0,0,0,0,0,0,0,0,0,0,0,0,0,0,0,0,0,0,0,0,0,0,0,0,0,0
1962,5.5,67.04,290.1,516.3,616.3,26573,22.97,1,5,3,3,4,2,2,1,0,0,0,0,0,0,0,0,0,0,0,0,0,0,0,0,0,0,0,0,0,0,0,0,0,0,0,0,0,0,0,0,0,0,0,0,0
1963,5.5,67.04,290.1,516.3,616.3,27230,22.97,1,5,3,2,3,4,0,0,0,0,0,0,0,0,0,0,0,0,0,0,0,0,0,0,0,0,0,0,0,0,0,0,0,0,0,0,0,0,0,0,0,0,0,0,0
111,5.57,97.18,42.4,2,23.6,3013,0,55,30,38,33,41,44,39,52,18,35,26,40,37,39,0,36,71,16,17,42,52,64,59,57,65,45,49,71,50,0,39,32,35,54,46,18,63,34,35,25,42,41,50,11,27
112,5.57,97.18,42.4,2,23.6,3052,0,52,63,56,47,52,51,60,60,65,45,67,51,0,0,0,70,43,50,61,54,36,40,63,48,53,40,66,40,67,1,35,71,31,52,62,51,70,70,55,57,59,71,36,0,0
113,5.57,97.18,42.4,2,23.6,2362,0,31,55,56,75,64,49,51,60,69,54,35,72,65,55,47,39,71,22,57,34,55,43,49,24,54,46,60,54,48,0,59,45,63,49,76,41,42,50,36,57,56,51,57,52,0
121,5.57,97.18,42.4,2,23.6,18660,0,40,30,62,48,32,40,50,62,41,52,40,58,41,42,65,48,36,43,58,55,43,33,2,49,31,52,40,35,40,52,48,62,54,62,37,46,56,43,10,55,50,58,39,53,35
122,5.57,97.18,42.4,2,23.6,20156,0,37,70,25,49,62,53,50,50,51,65,55,63,70,71,55,57,60,66,57,59,57,56,71,80,76,51,52,30,60,55,48,52,75,55,60,1,40,66,30,44,56,35,0,0,0
123,5.57,97.18,42.4,2,23.6,23440,0,41,49,42,46,47,41,30,51,40,66,53,70,41,0,0,76,66,52,36,49,61,45,52,64,60,67,56,45,42,46,55,64,52,53,49,54,60,60,62,56,41,50,40,41,0
131,5.57,97.18,42.4,2,23.6,37591,0,51,72,48,33,7,51,50,66,65,55,40,52,57,0,0,55,47,46,33,36,57,46,43,42,38,32,24,48,37,0,39,49,25,48,32,40,52,47,45,48,50,42,61,4,0
132,5.57,97.18,42.4,2,23.6,39450,0,47,46,47,50,59,49,40,38,50,52,31,43,32,15,0,62,45,40,34,48,23,56,50,31,68,51,35,62,45,0,46,47,55,61,35,38,61,52,50,30,43,45,47,45,0
133,5.57,97.18,42.4,2,23.6,37826,0,50,51,42,50,60,45,57,32,63,60,15,36,35,44,0,64,54,34,45,54,48,55,50,45,52,32,56,50,34,45,37,46,50,53,51,44,35,59,52,35,50,53,45,60,0
141,5.57,97.18,42.4,2,23.6,62764,0,50,54,36,62,51,42,51,51,10,26,49,51,62,61,8,83,65,78,75,83,68,63,55,75,48,52,64,35,35,0,50,65,68,41,48,48,73,52,46,62,61,50,17,0,0
142,5.57,97.18,42.4,2,23.6,63190,0,29,64,42,72,36,75,53,64,26,20,34,35,22,27,0,48,45,65,35,62,37,33,64,53,43,33,45,33,0,0,37,55,55,61,45,57,60,48,55,60,50,34,38,30,0
143,5.57,97.18,42.4,2,23.6,59156,0,31,33,34,30,37,41,41,50,20,33,30,18,51,34,0,35,41,26,37,40,38,43,38,37,38,25,31,0,0,0,32,29,55,41,51,33,31,38,26,37,33,19,39,0,0
151,5.57,97.18,42.4,2,23.6,79913,0,52,39,49,37,46,49,35,49,52,51,43,53,39,45,25,47,49,41,19,29,29,37,25,45,14,16,0,16,10,0,42,41,34,30,56,62,40,32,33,19,52,43,26,32,30
152,5.57,97.18,42.4,2,23.6,84208,0,51,0,30,52,10,42,30,35,35,44,34,23,60,51,50,54,22,46,47,46,57,38,46,34,41,29,15,0,0,0,52,51,40,40,38,44,52,44,19,27,21,36,47,2,0
153,5.57,97.18,42.4,2,23.6,78272,0,52,24,13,33,52,36,49,44,46,25,50,28,40,27,1,36,26,30,39,30,41,36,33,4,22,29,13,36,27,6,39,34,28,31,41,50,35,19,21,16,15,45,26,35,36
161,5.57,97.18,42.4,2,23.6,103000,0,32,20,31,33,24,35,25,24,35,28,32,25,28,31,0,50,10,39,27,10,32,30,38,20,18,25,25,22,26,0,31,22,33,20,31,33,40,35,26,32,28,35,30,0,17
162,5.57,97.18,42.4,2,23.6,113922,0,47,45,25,29,40,30,38,32,40,28,0,0,0,0,0,24,52,47,46,40,45,35,22,35,33,38,36,20,27,0,25,50,35,50,28,42,30,27,28,15,30,25,37,0,0
163,5.57,97.18,42.4,2,23.6,107495,0,50,36,39,41,38,34,24,24,36,47,28,4,4,5,0,35,52,61,47,37,30,44,34,43,21,38,52,41,36,37,31,41,35,57,24,32,37,21,40,20,21,0,0,0,0
211,5.5,86.11,39.6,2,37.4,4903,0,47,35,52,63,49,54,48,39,58,43,49,42,43,51,71,58,43,54,31,50,43,47,55,48,44,67,23,34,9,68,3,7,75,52,68,59,75,55,44,38,27,48,63,54,0
212,5.5,86.11,39.6,2,37.4,4966,0,33,35,50,41,0,7,25,43,42,35,34,36,49,38,36,34,32,43,19,31,48,53,13,10,12,37,29,43,21,26,17,21,32,25,23,28,24,34,37,28,26,19,34,18,0
213,5.5,86.11,39.6,2,37.4,5548,0,36,25,51,28,40,41,40,21,12,43,45,30,18,0,0,35,36,43,85,37,38,25,36,52,76,55,5,51,0,0,57,27,56,38,35,30,31,25,40,35,0,0,0,0,0
221,5.5,86.11,39.6,2,37.4,9843,0,39,28,42,54,46,37,42,29,52,31,27,20,29,17,13,92,34,46,39,24,51,19,46,38,19,24,31,13,28,0,53,45,58,34,46,35,41,39,47,28,33,24,28,28,9
222,5.5,86.11,39.6,2,37.4,11207,0,84,67,99,59,108,91,37,38,44,20,28,47,34,0,0,61,48,103,53,52,59,44,68,49,18,48,60,58,0,0,73,68,83,103,85,72,78,84,73,85,87,72,79,68,0
223,5.5,86.11,39.6,2,37.4,9416,0,36,26,62,45,75,76,74,63,53,51,32,21,32,17,0,27,25,73,64,63,48,58,63,62,38,4,33,0,38,25,8,53,46,11,48,35,71,18,64,30,24,31,43,8,51
231,5.5,86.11,39.6,2,37.4,15946,0,54,44,31,38,42,49,43,35,52,22,44,37,34,40,28,27,15,23,9,19,27,41,24,13,52,28,18,33,18,23,37,33,48,34,53,12,48,46,52,33,23,57,63,31,24
232,5.5,86.11,39.6,2,37.4,16548,0,38,41,48,44,58,44,58,0,0,0,0,0,0,0,0,52,38,41,51,43,33,30,37,40,22,63,28,62,35,0,54,58,50,39,48,51,38,41,61,33,62,9,11,0,0
233,5.5,86.11,39.6,2,37.4,17294,0,61,48,60,38,47,63,28,20,52,55,39,40,27,36,44,48,41,34,72,65,33,59,24,92,33,41,58,31,28,21,87,10,73,28,67,60,42,34,60,71,59,30,41,21,30
241,5.5,86.11,39.6,2,37.4,21712,0,42,38,24,37,12,19,17,13,19,17,21,8,0,0,0,39,47,31,38,11,23,37,35,13,42,28,15,23,14,5,18,9,31,74,38,27,42,34,42,13,15,18,7,0,0
242,5.5,86.11,39.6,2,37.4,22597,0,24,28,64,57,30,48,48,25,25,29,17,37,32,38,0,52,38,27,10,12,18,27,38,44,36,33,37,38,27,20,42,35,28,0,8,48,50,46,52,63,48,37,17,12,0
243,5.5,86.11,39.6,2,37.4,19652,0,35,30,74,45,67,38,33,57,15,50,35,26,71,40,0,32,25,30,30,45,47,40,38,50,52,27,0,0,0,0,8,50,41,38,34,56,34,41,12,1,0,0,0,0,0
251,5.5,86.11,39.6,2,37.4,30503,0,43,46,32,34,44,38,46,37,43,28,42,17,11,41,0,16,14,58,42,76,43,53,48,28,0,0,0,0,0,0,38,40,33,37,32,44,35,47,38,35,14,31,41,0,0
252,5.5,86.11,39.6,2,37.4,29310,0,32,44,42,48,49,40,12,17,35,55,30,35,27,29,30,35,51,56,35,38,15,45,50,45,31,30,52,10,5,0,36,70,32,26,40,32,40,32,36,39,28,19,0,0,0
253,5.5,86.11,39.6,2,37.4,31491,0,24,32,30,35,24,30,32,28,5,0,0,0,0,0,0,52,35,25,20,30,28,32,42,19,34,40,35,29,15,0,37,55,46,36,32,41,39,53,43,40,28,40,13,37,0
261,5.5,86.11,39.6,2,37.4,41912,0,67,71,56,63,74,54,48,38,40,32,34,40,37,0,0,37,44,35,30,32,53,27,13,21,47,27,19,0,0,0,64,51,37,7,53,47,34,37,56,63,39,42,42,0,0
262,5.5,86.11,39.6,2,37.4,39129,0,12,45,28,32,23,29,41,29,18,55,50,20,9,0,0,21,20,17,31,24,30,36,23,2,8,0,0,0,0,0,29,54,38,45,31,33,38,41,9,26,12,4,0,0,0
263,5.5,86.11,39.6,2,37.4,40463,0,40,32,43,61,43,38,25,50,41,8,34,43,14,8,17,46,42,38,57,14,23,27,48,28,38,43,0,0,0,0,32,38,41,64,43,44,28,58,31,33,58,37,38,37,34
1811,5.52,1.28,31.3,56.5,122.7,1112,3.8,60,62,68,62,81,78,72,77,11,55,68,33,39,11,0,77,55,26,75,77,61,78,75,9,49,52,79,53,48,75,70,38,75,68,68,70,67,35,68,78,30,87,78,48,0
1812,5.52,1.28,31.3,56.5,122.7,1367,3.8,57,111,121,107,94,67,98,33,91,66,73,88,72,3,0,82,118,88,110,62,87,102,75,80,120,90,115,105,106,0,91,120,92,74,74,120,78,142,103,82,28,93,85,127,0
1813,5.52,1.28,31.3,56.5,122.7,1086,3.8,90,41,116,96,86,58,92,65,78,103,75,74,25,77,0,57,35,68,46,76,78,90,54,73,25,54,73,55,73,20,62,86,75,84,92,81,84,65,53,71,98,40,78,79,85
1821,5.52,1.28,31.3,56.5,122.7,4148,3.8,82,117,72,50,68,70,48,76,67,83,56,78,63,61,48,63,18,73,72,66,69,44,48,50,62,25,26,69,76,33,68,57,38,57,45,35,0,74,28,80,68,58,76,60,30
1822,5.52,1.28,31.3,56.5,122.7,4489,3.8,102,101,12,92,110,117,87,88,97,62,52,96,95,44,78,124,74,118,130,111,73,128,98,0,132,97,87,87,96,0,90,100,115,10,80,102,88,76,64,88,53,113,8,25,0
1823,5.52,1.28,31.3,56.5,122.7,4935,3.8,82,85,98,72,1,11,94,73,100,92,83,85,54,139,0,55,96,96,84,81,105,113,93,80,84,53,133,92,0,0,81,77,99,71,119,147,107,105,101,96,77,111,70,63,90
1831,5.52,1.28,31.3,56.5,122.7,7300,3.8,1,64,85,76,75,114,91,124,65,97,91,64,76,67,0,80,108,107,138,99,104,100,80,94,105,100,90,135,59,0,83,104,85,85,71,110,86,86,87,26,52,60,86,50,0
1832,5.52,1.28,31.3,56.5,122.7,7543,3.8,86,112,112,82,65,9,49,12,30,21,49,28,33,0,0,77,126,87,111,152,113,66,93,84,93,36,31,0,0,0,97,65,64,72,58,51,83,96,59,48,74,80,13,0,0
1833,5.52,1.28,31.3,56.5,122.7,7959,3.8,95,96,110,75,126,108,104,100,80,65,76,12,22,0,0,75,72,105,83,125,80,104,2,69,83,58,51,49,56,7,19,55,70,68,60,115,126,95,52,72,63,97,80,0,0
1841,5.52,1.28,31.3,56.5,122.7,10466,3.8,61,78,71,58,52,68,15,73,52,77,47,67,46,51,52,114,111,83,29,68,20,82,71,87,86,85,69,75,13,0,78,90,95,74,60,97,75,77,93,120,65,89,90,86,0
1842,5.52,1.28,31.3,56.5,122.7,9044,3.8,108,100,115,82,76,109,126,90,86,81,120,96,46,65,75,84,62,77,70,80,64,85,66,79,75,23,11,62,39,0,102,92,90,80,103,96,91,81,71,65,55,73,0,41,0
1843,5.52,1.28,31.3,56.5,122.7,9660,3.8,83,73,108,111,104,125,106,86,80,98,80,64,55,0,0,74,55,66,55,20,47,23,30,61,60,41,45,0,0,0,72,52,112,99,96,114,86,104,76,80,81,0,0,0,0
1851,5.52,1.28,31.3,56.5,122.7,16024,3.8,70,95,105,83,90,89,6,94,77,84,73,63,0,0,0,82,68,60,43,101,72,54,130,105,87,50,150,85,0,0,81,32,47,42,66,75,95,131,91,91,115,82,60,100,0
1852,5.52,1.28,31.3,56.5,122.7,16022,3.8,66,20,50,87,62,67,68,62,41,67,79,66,95,85,0,23,76,80,15,60,70,70,125,54,28,0,0,0,0,0,40,45,101,82,73,70,13,70,35,25,0,0,0,0,0
1853,5.52,1.28,31.3,56.5,122.7,16564,3.8,60,42,90,70,57,77,55,70,85,40,98,55,80,0,0,96,67,71,92,75,57,27,6,94,85,70,20,48,0,0,85,105,86,79,74,101,64,60,69,98,50,60,66,0,0
1861,5.52,1.28,31.3,56.5,122.7,21040,3.8,18,31,68,41,70,60,73,62,55,52,56,57,23,15,0,63,58,14,84,76,48,45,48,53,72,37,51,30,37,0,78,50,57,72,53,77,54,48,73,41,82,52,90,66,33
1862,5.52,1.28,31.3,56.5,122.7,17838,3.8,26,30,35,51,47,41,36,60,46,17,37,36,34,0,0,86,64,55,51,42,29,84,58,78,70,20,22,47,0,0,56,63,85,50,23,41,62,24,21,62,82,0,0,0,0
1863,5.52,1.28,31.3,56.5,122.7,18612,3.8,112,69,78,62,78,58,87,61,63,82,63,62,78,38,0,53,50,33,43,48,36,4,26,41,28,45,38,8,4,0,49,58,26,58,72,45,61,80,72,33,42,40,0,0,0
2511,4.5,47.36,181.1,501.9,179.8,298,27.6,68,58,25,48,38,104,74,66,96,46,40,32,64,48,28,83,26,78,66,42,35,63,65,80,64,75,67,74,0,0,92,84,86,77,60,62,76,41,51,13,42,64,33,74,36
2512,4.5,47.36,181.1,501.9,179.8,351,27.6,104,76,87,92,81,82,79,27,58,69,66,83,61,53,0,99,81,61,88,75,82,46,103,46,45,89,85,65,25,12,75,96,85,70,97,81,78,69,90,98,45,34,73,20,18
2513,4.5,47.36,181.1,501.9,179.8,463,27.6,98,48,91,57,101,47,52,22,62,65,41,30,45,25,69,83,79,60,93,111,67,79,29,70,64,67,22,87,15,0,100,74,90,72,68,94,67,37,46,91,43,27,20,0,0
2521,4.5,47.36,181.1,501.9,179.8,7248,27.6,84,85,75,103,63,72,86,109,57,29,28,56,84,69,49,96,86,75,79,90,89,76,103,91,25,43,84,61,0,0,102,36,92,72,60,89,77,94,62,68,66,48,32,82,47
2522,4.5,47.36,181.1,501.9,179.8,7952,27.6,84,102,74,86,75,77,77,91,48,63,47,38,58,57,0,77,102,61,78,99,89,32,96,72,81,54,59,63,0,0,75,77,80,16,107,48,59,60,63,80,74,87,68,0,0
2523,4.5,47.36,181.1,501.9,179.8,7917,27.6,98,91,95,62,71,83,42,56,18,49,69,82,0,0,0,101,45,77,83,89,91,47,57,75,41,67,43,89,62,63,82,97,79,35,88,70,68,75,82,71,65,19,74,0,0
2531,4.5,47.36,181.1,501.9,179.8,10058,27.6,24,67,45,30,45,28,32,19,45,37,25,47,0,0,0,37,22,41,52,59,23,36,23,52,36,22,0,0,0,0,38,20,54,37,43,11,49,36,48,22,0,0,0,0,0
2532,4.5,47.36,181.1,501.9,179.8,10510,27.6,47,34,25,31,47,22,36,51,39,41,53,29,0,0,0,18,23,59,44,43,39,19,41,50,41,32,0,0,0,0,38,32,27,56,41,66,28,58,32,47,19,23,0,0,0
2533,4.5,47.36,181.1,501.9,179.8,9262,27.6,29,50,18,47,49,31,56,42,53,49,33,0,0,0,0,44,16,26,50,36,47,52,37,48,31,29,36,38,25,12,52,43,28,51,33,43,57,18,38,39,18,0,0,0,0
2541,4.5,47.36,181.1,501.9,179.8,16390,27.6,31,32,43,31,15,25,18,53,18,0,0,0,0,0,0,36,60,19,16,52,28,34,34,0,0,0,0,0,0,0,34,42,32,33,34,41,25,37,49,0,0,0,0,0,0
2542,4.5,47.36,181.1,501.9,179.8,15366,27.6,29,24,53,23,42,23,17,37,19,0,0,0,0,0,0,34,32,73,14,28,34,39,19,0,0,0,0,0,0,0,26,48,12,24,40,29,15,32,26,0,0,0,0,0,0
2543,4.5,47.36,181.1,501.9,179.8,14914,27.6,56,62,40,13,42,26,48,34,20,29,0,0,0,0,0,55,42,27,29,58,45,20,45,16,0,0,0,0,0,0,31,49,24,20,35,45,55,26,0,0,0,0,0,0,0
2551,4.5,47.36,181.1,501.9,179.8,21015,27.6,25,13,29,12,10,17,0,0,0,0,0,0,0,0,0,14,20,15,25,34,0,0,0,0,0,0,0,0,0,0,18,33,26,25,10,43,4,0,0,0,0,0,0,0,0
2552,4.5,47.36,181.1,501.9,179.8,22474,27.6,13,29,9,22,0,0,0,0,0,0,0,0,0,0,0,23,21,12,15,15,24,0,0,0,0,0,0,0,0,0,13,25,26,12,15,0,0,0,0,0,0,0,0,0,0
2553,4.5,47.36,181.1,501.9,179.8,22145,27.6,11,29,25,11,29,27,0,0,0,0,0,0,0,0,0,11,20,34,14,16,13,17,21,0,0,0,0,0,0,0,13,25,42,7,16,22,33,19,0,0,0,0,0,0,0
2561,4.5,47.36,181.1,501.9,179.8,28708,27.6,17,9,16,0,0,0,0,0,0,0,0,0,0,0,0,16,0,0,0,0,0,0,0,0,0,0,0,0,0,0,5,15,21,12,0,0,0,0,0,0,0,0,0,0,0
2562,4.5,47.36,181.1,501.9,179.8,28403,27.6,12,16,26,23,3,0,0,0,0,0,0,0,0,0,0,15,9,17,0,0,0,0,0,0,0,0,0,0,0,0,21,9,24,9,0,0,0,0,0,0,0,0,0,0,0
2563,4.5,47.36,181.1,501.9,179.8,27983,27.6,9,12,23,0,0,0,0,0,0,0,0,0,0,0,0,18,0,0,0,0,0,0,0,0,0,0,0,0,0,0,15,11,13,0,0,0,0,0,0,0,0,0,0,0,0
2611,5,41.57,71.9,1184.5,441,511,38.2,102,40,88,67,84,70,80,82,71,48,80,37,72,40,55,48,53,40,53,50,56,36,52,22,64,8,2,4,0,0,103,52,68,82,48,68,55,42,64,55,13,52,73,54,19
2612,5,41.57,71.9,1184.5,441,481,38.2,81,114,64,90,73,92,37,80,22,25,17,29,16,5,0,88,79,83,86,80,81,83,43,87,43,97,74,69,23,11,48,64,65,14,69,62,63,63,47,42,28,42,37,27,0
2613,5,41.57,71.9,1184.5,441,550,38.2,87,67,93,82,49,75,69,83,68,66,86,71,22,30,0,29,71,51,70,89,88,88,62,104,68,90,81,83,11,0,31,68,53,80,67,70,25,64,66,81,64,101,67,83,0
2621,5,41.57,71.9,1184.5,441,4225,38.2,126,103,96,83,36,82,26,103,59,71,75,89,74,79,0,97,89,84,95,91,85,76,55,81,71,99,74,0,0,0,106,61,110,105,99,90,130,47,50,67,61,23,65,44,0
2622,5,41.57,71.9,1184.5,441,4367,38.2,59,62,75,95,109,82,91,85,36,98,69,0,0,0,0,56,61,34,56,97,63,73,85,92,40,86,56,75,0,0,49,80,67,106,101,88,64,75,87,75,76,38,65,52,0
2623,5,41.57,71.9,1184.5,441,4193,38.2,134,72,126,105,76,21,89,74,67,101,53,62,14,23,0,49,82,86,68,64,98,46,97,94,68,71,56,26,0,0,94,117,141,104,102,85,47,65,37,39,68,15,28,0,0
2631,5,41.57,71.9,1184.5,441,10934,38.2,94,64,31,72,66,61,44,71,31,95,36,41,0,0,0,35,55,77,66,36,92,72,64,77,28,11,0,0,0,0,91,130,91,117,72,72,102,49,57,46,41,24,22,0,0
2632,5,41.57,71.9,1184.5,441,10150,38.2,72,75,95,94,101,106,39,41,51,41,28,62,17,0,0,79,4,128,41,38,25,32,27,40,32,101,0,0,0,0,64,113,112,127,87,89,118,95,104,68,82,16,0,0,0
2633,5,41.57,71.9,1184.5,441,11890,38.2,87,108,60,65,89,84,75,84,79,79,71,0,0,0,0,64,67,100,85,45,72,32,67,27,79,26,0,0,0,0,31,78,74,84,106,38,95,96,47,89,47,56,0,0,0
2641,5,41.57,71.9,1184.5,441,17237,38.2,72,92,53,45,61,18,36,41,54,0,0,0,0,0,0,89,100,79,67,63,94,59,7,22,0,0,0,0,0,0,85,69,78,81,77,52,85,59,56,12,0,0,0,0,0
2642,5,41.57,71.9,1184.5,441,18478,38.2,78,105,72,53,36,84,89,80,47,14,0,0,0,0,0,34,58,88,70,57,42,95,99,96,3,0,0,0,0,0,68,77,78,52,68,67,39,41,9,0,0,0,0,0,0
2643,5,41.57,71.9,1184.5,441,17625,38.2,65,89,45,62,82,53,35,87,46,0,0,0,0,0,0,38,62,73,95,34,97,71,80,35,26,15,0,0,0,0,67,54,35,71,63,41,11,47,31,0,0,0,0,0,0
2651,5,41.57,71.9,1184.5,441,20885,38.2,63,54,76,87,89,78,86,82,0,0,0,0,0,0,0,66,85,80,82,69,86,81,62,0,0,0,0,0,0,0,77,99,86,44,70,39,56,55,14,0,0,0,0,0,0
2652,5,41.57,71.9,1184.5,441,21753,38.2,54,41,31,48,12,9,62,0,0,0,0,0,0,0,0,51,29,19,21,32,50,33,17,0,0,0,0,0,0,0,56,62,34,24,33,21,34,0,0,0,0,0,0,0,0
2653,5,41.57,71.9,1184.5,441,21140,38.2,74,29,80,96,65,80,15,24,0,0,0,0,0,0,0,65,38,76,44,67,47,44,0,0,0,0,0,0,0,0,37,47,66,73,27,46,14,0,0,0,0,0,0,0,0
2661,5,41.57,71.9,1184.5,441,29582,38.2,53,0,48,53,41,0,0,0,0,0,0,0,0,0,0,32,41,38,43,42,45,0,0,0,0,0,0,0,0,0,40,43,32,43,39,47,0,0,0,0,0,0,0,0,0
2662,5,41.57,71.9,1184.5,441,28428,38.2,57,54,68,50,59,0,0,0,0,0,0,0,0,0,0,58,81,53,71,60,0,0,0,0,0,0,0,0,0,0,31,28,25,14,19,35,40,0,0,0,0,0,0,0,0
2663,5,41.57,71.9,1184.5,441,29947,38.2,38,69,78,28,56,53,0,0,0,0,0,0,0,0,0,49,31,60,95,63,63,14,0,0,0,0,0,0,0,0,55,17,10,29,63,18,28,0,0,0,0,0,0,0,0
2711,4.8,62.85,1033.9,3164.9,2807.6,360,0,71,128,102,96,83,94,89,73,49,49,52,24,88,0,0,59,103,50,79,52,83,80,96,39,41,59,40,29,84,63,103,96,107,96,82,79,84,79,29,88,80,12,39,47,0
2712,4.8,62.85,1033.9,3164.9,2807.6,841,0,41,35,29,19,22,37,24,42,38,56,51,29,0,0,0,52,48,22,37,42,48,20,9,39,19,24,38,74,62,18,42,52,70,65,51,47,52,31,37,24,37,48,49,29,0
2713,4.8,62.85,1033.9,3164.9,2807.6,299,0,83,61,40,46,86,49,73,51,31,40,38,39,0,0,0,62,28,41,36,71,23,92,31,58,31,69,74,0,0,0,28,30,14,29,36,30,40,9,42,21,14,49,35,0,0
2721,4.8,62.85,1033.9,3164.9,2807.6,5263,0,66,86,85,98,75,72,70,153,79,104,98,96,0,0,0,40,36,50,40,33,52,51,90,55,40,27,18,31,17,0,60,47,57,37,47,87,28,60,66,43,56,39,18,16,0
2722,4.8,62.85,1033.9,3164.9,2807.6,5004,0,25,68,62,69,56,32,72,76,23,22,24,33,0,0,0,53,53,22,42,84,33,20,30,57,33,53,105,110,71,0,36,82,111,51,58,23,52,73,90,89,50,121,83,0,0
2723,4.8,62.85,1033.9,3164.9,2807.6,5000,0,145,121,82,131,70,87,140,73,110,110,52,53,62,15,42,110,90,69,50,61,30,63,78,57,50,20,46,26,0,0,146,126,145,68,101,145,129,40,130,140,45,13,0,0,0
2731,4.8,62.85,1033.9,3164.9,2807.6,9609,0,92,47,56,82,53,56,65,94,94,55,52,58,0,0,0,22,50,27,47,28,24,46,40,48,30,0,0,0,0,0,21,23,10,11,27,32,29,29,34,38,20,18,54,13,0
2732,4.8,62.85,1033.9,3164.9,2807.6,9280,0,60,25,84,101,60,120,50,85,70,61,70,70,94,0,0,60,28,45,41,56,55,24,22,35,20,36,27,45,29,0,20,22,27,31,22,34,38,27,25,29,33,31,24,0,0
2733,4.8,62.85,1033.9,3164.9,2807.6,9459,0,61,63,33,37,44,25,40,31,100,51,25,40,31,35,17,52,47,45,40,39,45,36,51,102,131,170,66,96,125,140,73,120,97,134,37,0,0,0,0,0,0,0,0,0,0
2741,4.8,62.85,1033.9,3164.9,2807.6,21021,0,10,16,16,16,55,20,28,31,6,11,20,18,16,8,15,33,36,20,15,17,17,10,13,12,12,10,0,0,0,0,0,0,0,0,0,0,0,0,0,0,0,0,0,0,0
2742,4.8,62.85,1033.9,3164.9,2807.6,22366,0,32,37,15,25,35,32,24,42,39,42,22,27,29,16,29,16,18,26,21,24,35,43,22,27,55,40,45,30,21,0,0,0,0,0,0,0,0,0,0,0,0,0,0,0,0
2743,4.8,62.85,1033.9,3164.9,2807.6,23175,0,20,35,10,33,42,21,40,16,22,30,36,18,29,35,40,22,20,38,65,63,96,90,85,63,105,80,44,99,0,0,0,0,0,0,0,0,0,0,0,0,0,0,0,0,0
2751,4.8,62.85,1033.9,3164.9,2807.6,34125,0,19,34,16,22,18,15,20,22,31,22,28,35,17,40,22,20,14,47,52,20,21,31,0,0,0,0,0,0,0,0,0,0,0,0,0,0,0,0,0,0,0,0,0,0,0
2752,4.8,62.85,1033.9,3164.9,2807.6,33410,0,24,39,19,30,28,41,24,37,23,28,36,45,34,29,28,30,14,30,37,38,14,0,0,0,0,0,0,0,0,0,0,0,0,0,0,0,0,0,0,0,0,0,0,0,0
2753,4.8,62.85,1033.9,3164.9,2807.6,31172,0,24,30,35,28,21,30,45,62,109,100,89,28,81,14,33,48,31,30,19,0,0,0,0,0,0,0,0,0,0,0,0,0,0,0,0,0,0,0,0,0,0,0,0,0,0
2761,4.8,62.85,1033.9,3164.9,2807.6,44487,0,13,11,14,24,33,24,19,20,18,23,58,39,24,31,0,0,0,0,0,0,0,0,0,0,0,0,0,0,0,0,0,0,0,0,0,0,0,0,0,0,0,0,0,0,0
2762,4.8,62.85,1033.9,3164.9,2807.6,46763,0,57,73,17,24,38,33,57,52,43,70,72,13,21,20,0,0,0,0,0,0,0,0,0,0,0,0,0,0,0,0,0,0,0,0,0,0,0,0,0,0,0,0,0,0,0
2763,4.8,62.85,1033.9,3164.9,2807.6,43847,0,28,22,11,38,11,9,24,22,31,24,23,8,25,31,0,0,0,0,0,0,0,0,0,0,0,0,0,0,0,0,0,0,0,0,0,0,0,0,0,0,0,0,0,0,0
1751,4.89,87.71,67.3,94.7,383.8,39741,0,110,81,67,97,86,89,90,92,95,67,100,75,39,0,0,91,67,75,65,89,86,75,61,76,72,61,49,95,104,87,84,92,95,94,82,75,80,86,64,47,22,0,0,0,0
1752,4.89,87.71,67.3,94.7,383.8,42032,0,110,81,67,97,86,89,90,92,95,67,100,75,39,0,0,97,35,71,90,38,35,99,78,84,67,51,68,30,78,64,88,73,80,99,66,76,82,74,29,38,40,36,11,0,0
1753,4.89,87.71,67.3,94.7,383.8,40720,0,126,94,98,92,75,97,62,62,44,51,60,10,113,110,70,107,100,75,38,119,20,93,90,81,86,61,97,97,108,81,94,92,78,82,106,89,0,0,0,0,0,0,0,0,0
1761,4.89,87.71,67.3,94.7,383.8,51105,0,76,69,87,71,82,60,76,43,40,33,16,80,20,104,52,68,66,88,113,57,88,102,101,75,47,75,103,110,105,9,74,96,63,103,17,105,83,92,59,21,0,0,0,0,0
1762,4.89,87.71,67.3,94.7,383.8,50076,0,86,81,110,61,82,45,80,70,87,67,60,78,53,50,9,95,96,26,82,73,56,38,67,69,54,73,40,72,58,66,74,90,102,80,87,100,95,76,88,73,55,37,23,1,0
1763,4.89,87.71,67.3,94.7,383.8,51937,0,78,55,82,66,80,86,76,58,66,71,87,31,12,41,78,100,56,68,70,65,70,51,56,23,65,52,52,10,60,78,101,65,75,108,63,46,58,74,35,41,71,68,0,0,0
